title,company,location,link
Software Engineering,"JPMorgan Chase Bank, N.A.","Hyderabad, India",https://stackoverflow.com/jobs/506070
Senior Backend Engineer,Crowdskout,No office location,https://stackoverflow.com/jobs/502018
Director Software Engineering - Technology Partner,"JPMorgan Chase Bank, N.A.","Wilmington, DE",https://stackoverflow.com/jobs/506572
Software Engineering,"JPMorgan Chase Bank, N.A.","Hyderabad, India",https://stackoverflow.com/jobs/506447
Senior Software Engineer,Stott and May Inc.viaStott and May Inc.,No office location,https://stackoverflow.com/jobs/452128
Full-Stack WordPress/Laravel Developer,Elegant Themes,"San Francisco, CA",https://stackoverflow.com/jobs/506434
Data Engineer,Addison Group,"Washington, DC",https://stackoverflow.com/jobs/506430
Head of Engineering - Remote,Black Spectacles,"Chicago, IL",https://stackoverflow.com/jobs/488075
Senior Data Engineer,Coppei,"Seattle, WA",https://stackoverflow.com/jobs/506420
Junior RPA Developer (w/m/d),AMADA GmbH,"Haan, Deutschland",https://stackoverflow.com/jobs/506405
